ItemID,ItemName,ItemType,Price,Available,AdminID
1,Chicken Pasta,Food,34,TRUE,1
2,Ribeye,Food,22,TRUE,1
3,Hamburger,Food,33,TRUE,1
4,Pita,Food,23,TRUE,1
5,Toast,Food,13,TRUE,1
6,Chicken Wings,Food,12,TRUE,1
7,Chicken Soup,Food,13,TRUE,1
8,Fish and Chips,Food,15,TRUE,1
9,Espresso,Drink,8,TRUE,1
10,Americano,Drink,7,TRUE,1
11,Cappuccino,Drink,9,TRUE,1
12,Flat White,Drink,7,TRUE,1
13,Hot Tea,Drink,3,TRUE,1
14,Iced Tea,Drink,4,TRUE,1
15,Lemon Tea,Drink,6,TRUE,1
16,Green Tea,Drink,5,TRUE,1
17,Lychee Tea,Drink,7,TRUE,1
18,Egg Burger,Food,7,TRUE,1
19,Spaghetti,Food,8,TRUE,1
20,Pizza,Food,7,TRUE,1
21,Pepper Potatoes,Food,6,TRUE,1
22,Chicken Wing,Food,9,TRUE,1
23,Fruit Salad,Food,13,TRUE,1
24,Cocktails,Drink,12,FALSE,1
25,Nuggets,Food,14,TRUE,1
26,French Fries,Food,13,TRUE,1
27,Chocolate Mochi,Food,15,TRUE,1
28,Ribs,Food,24,TRUE,1
39,Potato Wedges,Food,14,TRUE,1